id,cement,slag,flyash,water,super_plast,coarse_agg,fine_agg,age,strength
S1,540,0,0,162,2.5,1040,676,28,79.99
S2,540,0,0,162,2.5,1055,676,28,61.89
S3,332.5,142.5,0,228,0,932,594,270,40.27
S4,332.5,142.5,0,228,0,932,594,365,41.05
S5,198.6,132.4,0,192,0,978.4,825.5,360,44.3
S6,380,95,0,228,0,932,594,365,43.7
S7,380,95,0,228,0,932,594,28,36.45
S8,475,0,0,228,0,932,594,28,39.29
S9,198.6,132.4,0,192,0,978.4,825.5,90,38.07
S10,198.6,132.4,0,192,0,978.4,825.5,28,28.02
S11,304,76,0,228,0,932,670,28,47.81
S12,380,0,0,228,0,932,670,90,52.91
S13,139.6,209.4,0,192,0,1047,806.9,90,39.36
S14,342,38,0,228,0,932,670,365,56.14
S15,380,95,0,228,0,932,594,90,40.56
S16,475,0,0,228,0,932,594,180,42.62
S17,427.5,47.5,0,228,0,932,594,180,41.84
S18,139.6,209.4,0,192,0,1047,806.9,28,28.24
S19,139.6,209.4,0,192,0,1047,806.9,3,8.06
S20,139.6,209.4,0,192,0,1047,806.9,180,44.21
S21,380,0,0,228,0,932,670,365,52.52
S22,380,95,0,228,0,932,594,270,41.15
S23,342,38,0,228,0,932,670,180,52.12
S24,475,0,0,228,0,932,594,7,38.6
S25,304,76,0,228,0,932,670,365,55.26
S26,266,114,0,228,0,932,670,365,52.91
S27,475,0,0,228,0,932,594,270,42.13
S28,190,190,0,228,0,932,670,365,53.69
S29,237.5,237.5,0,228,0,932,594,270,38.41
S30,237.5,237.5,0,228,0,932,594,28,30.08
S31,475,0,0,228,0,932,594,90,42.23
S32,342,38,0,228,0,932,670,90,50.46
S33,380,0,0,228,0,932,670,180,53.1
S34,427.5,47.5,0,228,0,932,594,90,41.54
S35,427.5,47.5,0,228,0,932,594,7,35.08
S36,349,0,0,192,0,1047,806.9,3,15.05
S37,237.5,237.5,0,228,0,932,594,7,26.26
S38,380,95,0,228,0,932,594,7,32.82
S39,332.5,142.5,0,228,0,932,594,180,39.78
S40,237.5,237.5,0,228,0,932,594,90,33.12
S41,304,76,0,228,0,932,670,90,49.19
S42,139.6,209.4,0,192,0,1047,806.9,7,14.59
S43,198.6,132.4,0,192,0,978.4,825.5,7,14.64
S44,198.6,132.4,0,192,0,978.4,825.5,3,9.13
S45,304,76,0,228,0,932,670,180,50.95
S46,332.5,142.5,0,228,0,932,594,28,33.02
S47,304,76,0,228,0,932,670,270,54.38
S48,266,114,0,228,0,932,670,270,51.73
S49,310,0,0,192,0,971,850.6,3,9.87
S50,190,190,0,228,0,932,670,270,50.66
S51,266,114,0,228,0,932,670,180,48.7
S52,342,38,0,228,0,932,670,270,55.06
S53,139.6,209.4,0,192,0,1047,806.9,360,44.7
S54,332.5,142.5,0,228,0,932,594,7,30.28
S55,485,0,0,146,0,1120,800,28,71.99
S56,374,189.2,0,170.1,10.1,926.1,756.7,3,34.4
S57,313.3,262.2,0,175.5,8.6,1046.9,611.8,3,28.8
S58,425,106.3,0,153.5,16.5,852.1,887.1,3,33.4
S59,375,93.8,0,126.6,23.4,852.1,992.6,3,29
S60,475,118.8,0,181.1,8.9,852.1,781.5,3,37.8
S61,469,117.2,0,137.8,32.2,852.1,840.5,3,40.2
S62,425,106.3,0,153.5,16.5,852.1,887.1,3,33.4
S63,388.6,97.1,0,157.9,12.1,852.1,925.7,3,28.1
S64,531.3,0,0,141.8,28.2,852.1,893.7,3,41.3
S65,425,106.3,0,153.5,16.5,852.1,887.1,3,33.4
S66,318.8,212.5,0,155.7,14.3,852.1,880.4,3,25.2
S67,401.8,94.7,0,147.4,11.4,946.8,852.1,3,41.1
S68,362.6,189,0,164.9,11.6,944.7,755.8,3,35.3
S69,323.7,282.8,0,183.8,10.3,942.7,659.9,3,28.3
S70,379.5,151.2,0,153.9,15.9,1134.3,605,3,28.6
S71,362.6,189,0,164.9,11.6,944.7,755.8,3,35.3
S72,286.3,200.9,0,144.7,11.2,1004.6,803.7,3,24.4
S73,362.6,189,0,164.9,11.6,944.7,755.8,3,35.3
S74,439,177,0,186,11.1,884.9,707.9,3,39.3
S75,389.9,189,0,145.9,22,944.7,755.8,3,40.6
S76,362.6,189,0,164.9,11.6,944.7,755.8,3,35.3
S77,337.9,189,0,174.9,9.5,944.7,755.8,3,24.1
S78,313.3,262.2,0,175.5,8.6,1046.9,611.8,7,42.8
S79,425,106.3,0,153.5,16.5,852.1,887.1,7,49.2
S80,425,106.3,0,151.4,18.6,936,803.7,7,46.8
S81,375,93.8,0,126.6,23.4,852.1,992.6,7,45.7
S82,475,118.8,0,181.1,8.9,852.1,781.5,7,55.6
S83,425,106.3,0,153.5,16.5,852.1,887.1,7,49.2
S84,388.6,97.1,0,157.9,12.1,852.1,925.7,7,34.9
S85,531.3,0,0,141.8,28.2,852.1,893.7,7,46.9
S86,425,106.3,0,153.5,16.5,852.1,887.1,7,49.2
S87,323.7,282.8,0,183.8,10.3,942.7,659.9,7,49.8
S88,379.5,151.2,0,153.9,15.9,1134.3,605,7,47.1
S89,362.6,189,0,164.9,11.6,944.7,755.8,7,55.9
S90,286.3,200.9,0,144.7,11.2,1004.6,803.7,7,38
S91,439,177,0,186,11.1,884.9,707.9,7,56.1
S92,389.9,189,0,145.9,22,944.7,755.8,7,59.09
S93,362.6,189,0,164.9,11.6,944.7,755.8,7,22.9
S94,337.9,189,0,174.9,9.5,944.7,755.8,7,35.1
S95,374,189.2,0,170.1,10.1,926.1,756.7,28,61.09
S96,313.3,262.2,0,175.5,8.6,1046.9,611.8,28,59.8
S97,425,106.3,0,153.5,16.5,852.1,887.1,28,60.29
S98,425,106.3,0,151.4,18.6,936,803.7,28,61.8
S99,375,93.8,0,126.6,23.4,852.1,992.6,28,56.7
S100,475,118.8,0,181.1,8.9,852.1,781.5,28,68.3
S101,469,117.2,0,137.8,32.2,852.1,840.5,28,66.9
S102,425,106.3,0,153.5,16.5,852.1,887.1,28,60.29
S103,425,106.3,0,153.5,16.5,852.1,887.1,28,60.29
S104,401.8,94.7,0,147.4,11.4,946.8,852.1,28,68.5
S105,362.6,189,0,164.9,11.6,944.7,755.8,28,71.3
S106,323.7,282.8,0,183.8,10.3,942.7,659.9,28,74.7
S107,379.5,151.2,0,153.9,15.9,1134.3,605,28,52.2
S108,362.6,189,0,164.9,11.6,944.7,755.8,28,71.3
S109,286.3,200.9,0,144.7,11.2,1004.6,803.7,28,67.7
S110,362.6,189,0,164.9,11.6,944.7,755.8,28,71.3
S111,439,177,0,186,11.1,884.9,707.9,28,66
S112,389.9,189,0,145.9,22,944.7,755.8,28,74.5
S113,362.6,189,0,164.9,11.6,944.7,755.8,28,71.3
S114,337.9,189,0,174.9,9.5,944.7,755.8,28,49.9
S115,374,189.2,0,170.1,10.1,926.1,756.7,56,63.4
S116,313.3,262.2,0,175.5,8.6,1046.9,611.8,56,64.9
S117,425,106.3,0,153.5,16.5,852.1,887.1,56,64.3
S118,425,106.3,0,151.4,18.6,936,803.7,56,64.9
S119,375,93.8,0,126.6,23.4,852.1,992.6,56,60.2
S120,388.6,97.1,0,157.9,12.1,852.1,925.7,56,55.2
S121,531.3,0,0,141.8,28.2,852.1,893.7,56,58.8
S122,425,106.3,0,153.5,16.5,852.1,887.1,56,64.3
S123,318.8,212.5,0,155.7,14.3,852.1,880.4,56,66.1
S124,401.8,94.7,0,147.4,11.4,946.8,852.1,56,73.7
S125,362.6,189,0,164.9,11.6,944.7,755.8,56,77.3
S126,323.7,282.8,0,183.8,10.3,942.7,659.9,56,80.2
S127,362.6,189,0,164.9,11.6,944.7,755.8,56,77.3
S128,439,177,0,186,11.1,884.9,707.9,56,71.7
S129,389.9,189,0,145.9,22,944.7,755.8,56,79.4
S130,362.6,189,0,164.9,11.6,944.7,755.8,56,77.3
S131,337.9,189,0,174.9,9.5,944.7,755.8,56,59.89
S132,374,189.2,0,170.1,10.1,926.1,756.7,91,64.9
S133,313.3,262.2,0,175.5,8.6,1046.9,611.8,91,66.6
S134,425,106.3,0,153.5,16.5,852.1,887.1,91,65.2
S135,425,106.3,0,151.4,18.6,936,803.7,91,66.7
S136,375,93.8,0,126.6,23.4,852.1,992.6,91,62.5
S137,475,118.8,0,181.1,8.9,852.1,781.5,91,74.19
S138,469,117.2,0,137.8,32.2,852.1,840.5,91,70.7
S139,425,106.3,0,153.5,16.5,852.1,887.1,91,65.2
S140,531.3,0,0,141.8,28.2,852.1,893.7,91,59.2
S141,425,106.3,0,153.5,16.5,852.1,887.1,91,65.2
S142,318.8,212.5,0,155.7,14.3,852.1,880.4,91,68.1
S143,401.8,94.7,0,147.4,11.4,946.8,852.1,91,75.5
S144,379.5,151.2,0,153.9,15.9,1134.3,605,91,56.5
S145,362.6,189,0,164.9,11.6,944.7,755.8,91,79.3
S146,286.3,200.9,0,144.7,11.2,1004.6,803.7,91,76.8
S147,389.9,189,0,145.9,22,944.7,755.8,91,82.6
S148,362.6,189,0,164.9,11.6,944.7,755.8,91,79.3
S149,337.9,189,0,174.9,9.5,944.7,755.8,91,67.8
S150,222.4,0,96.7,189.3,4.5,967.1,870.3,3,11.58
S151,222.4,0,96.7,189.3,4.5,967.1,870.3,14,24.45
S152,222.4,0,96.7,189.3,4.5,967.1,870.3,56,29.45
S153,222.4,0,96.7,189.3,4.5,967.1,870.3,100,40.71
S154,233.8,0,94.6,197.9,4.6,947,852.2,3,10.38
S155,233.8,0,94.6,197.9,4.6,947,852.2,14,22.14
S156,233.8,0,94.6,197.9,4.6,947,852.2,28,22.84
S157,233.8,0,94.6,197.9,4.6,947,852.2,56,27.66
S158,233.8,0,94.6,197.9,4.6,947,852.2,100,34.56
S159,194.7,0,100.5,165.6,7.5,1006.4,905.9,3,12.45
S160,194.7,0,100.5,165.6,7.5,1006.4,905.9,14,24.99
S161,194.7,0,100.5,165.6,7.5,1006.4,905.9,28,25.72
S162,194.7,0,100.5,165.6,7.5,1006.4,905.9,56,33.96
S163,194.7,0,100.5,165.6,7.5,1006.4,905.9,100,37.34
S164,190.7,0,125.4,162.1,7.8,1090,804,3,15.04
S165,190.7,0,125.4,162.1,7.8,1090,804,14,21.06
S166,190.7,0,125.4,162.1,7.8,1090,804,56,35.34
S167,212.1,0,121.6,180.3,5.7,1057.6,779.3,3,12.47
S168,212.1,0,121.6,180.3,5.7,1057.6,779.3,28,24.9
S169,212.1,0,121.6,180.3,5.7,1057.6,779.3,56,34.2
S170,212.1,0,121.6,180.3,5.7,1057.6,779.3,100,39.61
S171,230,0,118.3,195.5,4.6,1029.4,758.6,3,10.03
S172,230,0,118.3,195.5,4.6,1029.4,758.6,14,20.08
S173,230,0,118.3,195.5,4.6,1029.4,758.6,28,24.48
S174,230,0,118.3,195.5,4.6,1029.4,758.6,56,31.54
S175,230,0,118.3,195.5,4.6,1029.4,758.6,100,35.34
S176,190.3,0,125.2,161.9,9.9,1088.1,802.6,3,9.45
S177,190.3,0,125.2,161.9,9.9,1088.1,802.6,14,22.72
S178,190.3,0,125.2,161.9,9.9,1088.1,802.6,28,28.47
S179,190.3,0,125.2,161.9,9.9,1088.1,802.6,56,38.56
S180,190.3,0,125.2,161.9,9.9,1088.1,802.6,100,40.39
S181,166.1,0,163.3,176.5,4.5,1058.6,780.1,3,10.76
S182,166.1,0,163.3,176.5,4.5,1058.6,780.1,14,25.48
S183,166.1,0,163.3,176.5,4.5,1058.6,780.1,28,21.54
S184,166.1,0,163.3,176.5,4.5,1058.6,780.1,56,28.63
S185,168,42.1,163.8,121.8,5.7,1058.7,780.1,3,7.75
S186,168,42.1,163.8,121.8,5.7,1058.7,780.1,14,17.82
S187,168,42.1,163.8,121.8,5.7,1058.7,780.1,28,24.24
S188,168,42.1,163.8,121.8,5.7,1058.7,780.1,56,32.85
S189,168,42.1,163.8,121.8,5.7,1058.7,780.1,100,39.23
S190,213.7,98.1,24.5,181.7,6.9,1065.8,785.4,3,18
S191,213.7,98.1,24.5,181.7,6.9,1065.8,785.4,14,30.39
S192,213.7,98.1,24.5,181.7,6.9,1065.8,785.4,28,45.71
S193,213.7,98.1,24.5,181.7,6.9,1065.8,785.4,56,50.77
S194,213.7,98.1,24.5,181.7,6.9,1065.8,785.4,100,53.9
S195,213.8,98.1,24.5,181.7,6.7,1066,785.5,3,13.18
S196,213.8,98.1,24.5,181.7,6.7,1066,785.5,14,17.84
S197,213.8,98.1,24.5,181.7,6.7,1066,785.5,28,40.23
S198,213.8,98.1,24.5,181.7,6.7,1066,785.5,56,47.13
S199,213.8,98.1,24.5,181.7,6.7,1066,785.5,100,49.97
S200,229.7,0,118.2,195.2,6.1,1028.1,757.6,14,22.32
S201,229.7,0,118.2,195.2,6.1,1028.1,757.6,28,24.54
S202,229.7,0,118.2,195.2,6.1,1028.1,757.6,56,31.35
S203,229.7,0,118.2,195.2,6.1,1028.1,757.6,100,40.86
S204,238.1,0,94.1,186.7,7,949.9,847,3,19.93
S205,238.1,0,94.1,186.7,7,949.9,847,14,25.69
S206,238.1,0,94.1,186.7,7,949.9,847,28,30.23
S207,238.1,0,94.1,186.7,7,949.9,847,56,39.59
S208,238.1,0,94.1,186.7,7,949.9,847,100,44.3
S209,250,0,95.7,187.4,5.5,956.9,861.2,3,13.82
S210,250,0,95.7,187.4,5.5,956.9,861.2,14,24.92
S211,250,0,95.7,187.4,5.5,956.9,861.2,56,38.33
S212,250,0,95.7,187.4,5.5,956.9,861.2,100,42.35
S213,212.5,0,100.4,159.3,8.7,1007.8,903.6,3,13.54
S214,212.5,0,100.4,159.3,8.7,1007.8,903.6,28,31.64
S215,212.5,0,100.4,159.3,8.7,1007.8,903.6,56,42.55
S216,212.5,0,100.4,159.3,8.7,1007.8,903.6,100,42.92
S217,212.6,0,100.4,159.4,10.4,1003.8,903.8,3,13.33
S218,212.6,0,100.4,159.4,10.4,1003.8,903.8,14,25.37
S219,212.6,0,100.4,159.4,10.4,1003.8,903.8,28,37.4
S220,212.6,0,100.4,159.4,10.4,1003.8,903.8,56,44.4
S221,212.6,0,100.4,159.4,10.4,1003.8,903.8,100,47.74
S222,212,0,124.8,159,7.8,1085.4,799.5,3,19.52
S223,212,0,124.8,159,7.8,1085.4,799.5,14,31.35
S224,212,0,124.8,159,7.8,1085.4,799.5,56,45.08
S225,212,0,124.8,159,7.8,1085.4,799.5,100,47.82
S226,231.8,0,121.6,174,6.7,1056.4,778.5,3,15.44
S227,231.8,0,121.6,174,6.7,1056.4,778.5,28,33.73
S228,231.8,0,121.6,174,6.7,1056.4,778.5,56,42.7
S229,231.8,0,121.6,174,6.7,1056.4,778.5,100,45.84
S230,251.4,0,118.3,188.5,5.8,1028.4,757.7,3,17.22
S231,251.4,0,118.3,188.5,5.8,1028.4,757.7,14,29.93
S232,251.4,0,118.3,188.5,5.8,1028.4,757.7,56,36.97
S233,251.4,0,118.3,188.5,5.8,1028.4,757.7,100,43.58
S234,251.4,0,118.3,188.5,6.4,1028.4,757.7,3,13.12
S235,251.4,0,118.3,188.5,6.4,1028.4,757.7,14,24.43
S236,251.4,0,118.3,188.5,6.4,1028.4,757.7,28,32.66
S237,251.4,0,118.3,188.5,6.4,1028.4,757.7,56,36.64
S238,251.4,0,118.3,188.5,6.4,1028.4,757.7,100,44.21
S239,181.4,0,167,169.6,7.6,1055.6,777.8,28,27.77
S240,181.4,0,167,169.6,7.6,1055.6,777.8,56,35.57
S241,181.4,0,167,169.6,7.6,1055.6,777.8,100,45.37
S242,182,45.2,122,170.2,8.2,1059.4,780.7,14,21.5
S243,182,45.2,122,170.2,8.2,1059.4,780.7,28,31.27
S244,182,45.2,122,170.2,8.2,1059.4,780.7,56,43.5
S245,182,45.2,122,170.2,8.2,1059.4,780.7,100,48.67
S246,168.9,42.2,124.3,158.3,10.8,1080.8,796.2,3,7.4
S247,168.9,42.2,124.3,158.3,10.8,1080.8,796.2,28,31.12
S248,168.9,42.2,124.3,158.3,10.8,1080.8,796.2,100,48.15
S249,290.4,0,96.2,168.1,9.4,961.2,865,3,22.5
S250,290.4,0,96.2,168.1,9.4,961.2,865,28,34.74
S251,290.4,0,96.2,168.1,9.4,961.2,865,56,45.08
S252,290.4,0,96.2,168.1,9.4,961.2,865,100,48.97
S253,277.1,0,97.4,160.6,11.8,973.9,875.6,3,23.14
S254,277.1,0,97.4,160.6,11.8,973.9,875.6,14,41.89
S255,277.1,0,97.4,160.6,11.8,973.9,875.6,28,48.28
S256,277.1,0,97.4,160.6,11.8,973.9,875.6,56,51.04
S257,277.1,0,97.4,160.6,11.8,973.9,875.6,100,55.64
S258,295.7,0,95.6,171.5,8.9,955.1,859.2,3,22.95
S259,295.7,0,95.6,171.5,8.9,955.1,859.2,14,35.23
S260,295.7,0,95.6,171.5,8.9,955.1,859.2,28,39.94
S261,295.7,0,95.6,171.5,8.9,955.1,859.2,56,48.72
S262,295.7,0,95.6,171.5,8.9,955.1,859.2,100,52.04
S263,251.8,0,99.9,146.1,12.4,1006,899.8,3,21.02
S264,251.8,0,99.9,146.1,12.4,1006,899.8,14,33.36
S265,251.8,0,99.9,146.1,12.4,1006,899.8,28,33.94
S266,251.8,0,99.9,146.1,12.4,1006,899.8,100,45.37
S267,249.1,0,98.8,158.1,12.8,987.8,889,28,30.85
S268,249.1,0,98.8,158.1,12.8,987.8,889,56,42.03
S269,249.1,0,98.8,158.1,12.8,987.8,889,100,51.06
S270,252.3,0,98.8,146.3,14.2,987.8,889,3,21.78
S271,252.3,0,98.8,146.3,14.2,987.8,889,14,42.29
S272,252.3,0,98.8,146.3,14.2,987.8,889,28,50.6
S273,252.3,0,98.8,146.3,14.2,987.8,889,56,55.83
S274,252.3,0,98.8,146.3,14.2,987.8,889,100,60.95
S275,246.8,0,125.1,143.3,12,1086.8,800.9,3,23.52
S276,246.8,0,125.1,143.3,12,1086.8,800.9,14,42.22
S277,246.8,0,125.1,143.3,12,1086.8,800.9,28,52.5
S278,246.8,0,125.1,143.3,12,1086.8,800.9,56,60.32
S279,275.1,0,121.4,159.5,9.9,1053.6,777.5,14,38.77
S280,275.1,0,121.4,159.5,9.9,1053.6,777.5,28,51.33
S281,275.1,0,121.4,159.5,9.9,1053.6,777.5,56,56.85
S282,275.1,0,121.4,159.5,9.9,1053.6,777.5,100,58.61
S283,297.2,0,117.5,174.8,9.5,1022.8,753.5,3,21.91
S284,297.2,0,117.5,174.8,9.5,1022.8,753.5,14,36.99
S285,297.2,0,117.5,174.8,9.5,1022.8,753.5,28,47.4
S286,297.2,0,117.5,174.8,9.5,1022.8,753.5,56,51.96
S287,297.2,0,117.5,174.8,9.5,1022.8,753.5,100,56.74
S288,213.7,0,174.7,154.8,10.2,1053.5,776.4,3,17.57
S289,213.7,0,174.7,154.8,10.2,1053.5,776.4,14,33.73
S290,213.7,0,174.7,154.8,10.2,1053.5,776.4,28,40.15
S291,213.7,0,174.7,154.8,10.2,1053.5,776.4,56,46.64
S292,213.5,0,174.2,154.6,11.7,1052.3,775.5,3,17.37
S293,213.5,0,174.2,154.6,11.7,1052.3,775.5,14,33.7
S294,213.5,0,174.2,154.6,11.7,1052.3,775.5,28,45.94
S295,213.5,0,174.2,154.6,11.7,1052.3,775.5,56,51.43
S296,213.5,0,174.2,154.6,11.7,1052.3,775.5,100,59.3
S297,277.2,97.8,24.5,160.7,11.2,1061.7,782.5,3,30.45
S298,277.2,97.8,24.5,160.7,11.2,1061.7,782.5,28,63.14
S299,277.2,97.8,24.5,160.7,11.2,1061.7,782.5,56,66.82
S300,277.2,97.8,24.5,160.7,11.2,1061.7,782.5,100,66.95
S301,218.2,54.6,123.8,140.8,11.9,1075.7,792.7,14,35.96
S302,218.2,54.6,123.8,140.8,11.9,1075.7,792.7,28,55.51
S303,214.9,53.8,121.9,155.6,9.6,1014.3,780.6,3,18.02
S304,214.9,53.8,121.9,155.6,9.6,1014.3,780.6,14,38.6
S305,214.9,53.8,121.9,155.6,9.6,1014.3,780.6,28,52.2
S306,214.9,53.8,121.9,155.6,9.6,1014.3,780.6,56,53.96
S307,214.9,53.8,121.9,155.6,9.6,1014.3,780.6,100,56.63
S308,218.9,0,124.1,158.5,11.3,1078.7,794.9,3,15.34
S309,218.9,0,124.1,158.5,11.3,1078.7,794.9,14,26.05
S310,218.9,0,124.1,158.5,11.3,1078.7,794.9,28,30.22
S311,376,0,0,214.6,0,1003.5,762.4,14,25.62
S312,376,0,0,214.6,0,1003.5,762.4,56,36.3
S313,376,0,0,214.6,0,1003.5,762.4,100,43.06
S314,500,0,0,140,4,966,853,28,67.57
S315,475,0,59,142,1.9,1098,641,28,57.23
S316,315,137,0,145,5.9,1130,745,28,81.75
S317,505,0,60,195,0,1030,630,28,64.02
S318,451,0,0,165,11.3,1030,745,28,78.8
S319,516,0,0,162,8.2,801,802,28,41.37
S320,520,0,0,170,5.2,855,855,28,60.28
S321,520,0,0,175,5.2,870,805,28,51.02
S322,385,0,136,158,20,903,768,28,55.55
S323,500.1,0,0,200,3,1124.4,613.2,28,44.13
S324,397,17.2,158,167,20.8,967,633,28,55.65
S325,333,17.5,163,167,17.9,996,652,28,47.28
S326,405,0,0,175,0,1120,695,28,52.3
S327,200,200,0,190,0,1145,660,28,49.25
S328,516,0,0,162,8.3,801,802,28,41.37
S329,145,116,119,184,5.7,833,880,28,29.16
S330,160,128,122,182,6.4,824,879,28,39.4
S331,234,156,0,189,5.9,981,760,28,39.3
S332,250,180,95,159,9.5,860,800,28,67.87
S333,475,0,0,162,9.5,1044,662,28,58.52
S334,285,190,0,163,7.6,1031,685,28,53.58
S335,500,0,0,151,9,1033,655,28,69.84
S336,165,0,143.6,163.8,0,1005.6,900.9,3,14.4
S337,165,128.5,132.1,175.1,8.1,1005.8,746.6,3,19.42
S338,178,129.8,118.6,179.9,3.6,1007.3,746.8,3,20.73
S339,167.4,129.9,128.6,175.5,7.8,1006.3,746.6,3,14.94
S340,173.5,50.1,173.5,164.8,6.5,1006.2,793.5,3,23.08
S341,167,75.4,167,164,7.9,1007.3,770.1,3,15.52
S342,173.8,93.4,159.9,172.3,9.7,1007.2,746.6,3,15.82
S343,190.3,0,125.2,166.6,9.9,1079,798.9,3,12.55
S344,250,0,95.7,191.8,5.3,948.9,857.2,3,8.49
S345,213.5,0,174.2,159.2,11.7,1043.6,771.9,3,15.61
S346,194.7,0,100.5,170.2,7.5,998,901.8,3,12.18
S347,165,0,143.6,163.8,0,1005.6,900.9,14,16.88
S348,165,128.5,132.1,175.1,8.1,1005.8,746.6,14,33.09
S349,178,129.8,118.6,179.9,3.6,1007.3,746.8,14,34.24
S350,172.4,13.6,172.4,156.8,4.1,1006.3,856.4,14,29.75
S351,167,75.4,167,164,7.9,1007.3,770.1,14,32.9
S352,173.8,93.4,159.9,172.3,9.7,1007.2,746.6,14,29.55
S353,190.3,0,125.2,166.6,9.9,1079,798.9,14,19.42
S354,250,0,95.7,191.8,5.3,948.9,857.2,14,24.66
S355,213.5,0,174.2,159.2,11.7,1043.6,771.9,14,29.59
S356,194.7,0,100.5,170.2,7.5,998,901.8,14,24.28
S357,165,128.5,132.1,175.1,8.1,1005.8,746.6,28,46.39
S358,178,129.8,118.6,179.9,3.6,1007.3,746.8,28,39.16
S359,167.4,129.9,128.6,175.5,7.8,1006.3,746.6,28,41.2
S360,172.4,13.6,172.4,156.8,4.1,1006.3,856.4,28,33.69
S361,173.5,50.1,173.5,164.8,6.5,1006.2,793.5,28,38.2
S362,167,75.4,167,164,7.9,1007.3,770.1,28,41.41
S363,190.3,0,125.2,166.6,9.9,1079,798.9,28,24.85
S364,250,0,95.7,191.8,5.3,948.9,857.2,28,27.22
S365,194.7,0,100.5,170.2,7.5,998,901.8,28,37.27
S366,165,0,143.6,163.8,0,1005.6,900.9,56,36.56
S367,178,129.8,118.6,179.9,3.6,1007.3,746.8,56,48.59
S368,167.4,129.9,128.6,175.5,7.8,1006.3,746.6,56,51.72
S369,172.4,13.6,172.4,156.8,4.1,1006.3,856.4,56,35.85
S370,173.5,50.1,173.5,164.8,6.5,1006.2,793.5,56,53.77
S371,167,75.4,167,164,7.9,1007.3,770.1,56,53.46
S372,173.8,93.4,159.9,172.3,9.7,1007.2,746.6,56,48.99
S373,250,0,95.7,191.8,5.3,948.9,857.2,56,39.64
S374,213.5,0,174.2,159.2,11.7,1043.6,771.9,56,51.26
S375,251.4,0,118.3,192.9,5.8,1043.6,754.3,56,39.27
S376,165,0,143.6,163.8,0,1005.6,900.9,100,37.96
S377,165,128.5,132.1,175.1,8.1,1005.8,746.6,100,55.02
S378,178,129.8,118.6,179.9,3.6,1007.3,746.8,100,49.99
S379,167.4,129.9,128.6,175.5,7.8,1006.3,746.6,100,53.66
S380,172.4,13.6,172.4,156.8,4.1,1006.3,856.4,100,37.68
S381,167,75.4,167,164,7.9,1007.3,770.1,100,56.81
S382,173.8,93.4,159.9,172.3,9.7,1007.2,746.6,100,50.94
S383,213.5,0,174.2,159.2,11.7,1043.6,771.9,100,52.96
S384,194.7,0,100.5,170.2,7.5,998,901.8,100,44.28
S385,251.4,0,118.3,192.9,5.8,1043.6,754.3,100,40.15
S386,446,24,79,162,11.6,967,712,28,57.03
S387,446,24,79,162,11.6,967,712,28,44.42
S388,446,24,79,162,11.6,967,712,28,51.02
S389,446,24,79,162,10.3,967,712,28,53.39
S390,446,24,79,162,11.6,967,712,3,35.36
S391,446,24,79,162,11.6,967,712,3,25.02
S392,446,24,79,162,11.6,967,712,7,38.02
S393,446,24,79,162,11.6,967,712,7,39.3
S394,446,24,79,162,11.6,967,712,56,61.07
S395,446,24,79,162,11.6,967,712,56,55.25
S396,387,20,94,157,14.3,938,845,3,22.75
S397,387,20,94,157,13.9,938,845,3,25.51
S398,387,20,94,157,11.6,938,845,3,34.77
S399,387,20,94,157,14.3,938,845,7,36.84
S400,387,20,94,157,13.9,938,845,7,45.9
S401,387,20,94,157,11.6,938,845,7,41.67
S402,387,20,94,157,14.3,938,845,56,56.34
S403,387,20,94,157,13.9,938,845,56,47.97
S404,387,20,94,157,11.6,938,845,56,61.46
S405,355,19,97,145,13.1,967,871,28,44.03
S406,355,19,97,145,12.3,967,871,28,55.45
S407,491,26,123,210,3.9,882,699,28,55.55
S408,491,26,123,201,3.9,822,699,28,57.92
S409,491,26,123,210,3.9,882,699,3,25.61
S410,491,26,123,210,3.9,882,699,7,33.49
S411,491,26,123,201,3.9,822,699,7,37.92
S412,424,22,132,178,8.5,822,750,28,62.05
S413,424,22,132,178,8.5,882,750,3,32.01
S414,424,22,132,168,8.9,822,750,28,72.1
S415,424,22,132,178,8.5,822,750,7,39
S416,424,22,132,178,8.5,822,750,56,65.7
S417,424,22,132,168,8.9,822,750,7,40.29
S418,424,22,132,168,8.9,822,750,56,74.36
S419,202,11,141,206,1.7,942,801,3,9.85
S420,284,15,141,179,5.5,842,801,28,43.73
S421,284,15,141,179,5.5,842,801,3,13.4
S422,284,15,141,179,5.5,842,801,7,24.13
S423,359,19,141,154,10.9,942,801,28,62.94
S424,359,19,141,154,10.9,942,801,28,59.49
S425,359,19,141,154,10.9,942,801,3,25.12
S426,359,19,141,154,10.9,942,801,3,23.64
S427,359,19,141,154,10.9,942,801,7,35.75
S428,359,19,141,154,10.9,942,801,7,38.61
S429,359,19,141,154,10.9,942,801,56,68.75
S430,289,0,0,192,0,913.2,895.3,90,32.07
S431,289,0,0,192,0,913.2,895.3,3,11.65
S432,393,0,0,192,0,940.6,785.6,3,19.2
S433,393,0,0,192,0,940.6,785.6,90,48.85
S434,393,0,0,192,0,940.6,785.6,28,39.6
S435,480,0,0,192,0,936.2,712.2,28,43.94
S436,480,0,0,192,0,936.2,712.2,7,34.57
S437,480,0,0,192,0,936.2,712.2,90,54.32
S438,480,0,0,192,0,936.2,712.2,3,24.4
S439,333,0,0,192,0,931.2,842.6,3,15.62
S440,255,0,0,192,0,889.8,945,90,21.86
S441,255,0,0,192,0,889.8,945,7,10.22
S442,255,0,0,192,0,889.8,945,28,18.75
S443,333,0,0,192,0,931.2,842.6,28,31.97
S444,333,0,0,192,0,931.2,842.6,7,23.4
S445,289,0,0,192,0,913.2,895.3,28,25.57
S446,333,0,0,192,0,931.2,842.6,90,41.68
S447,393,0,0,192,0,940.6,785.6,7,27.74
S448,255,0,0,192,0,889.8,945,3,8.2
S449,239.6,359.4,0,185.7,0,941.6,664.3,7,25.42
S450,238.2,158.8,0,185.7,0,1040.6,734.3,7,15.69
S451,181.9,272.8,0,185.7,0,1012.4,714.3,28,27.94
S452,193.5,290.2,0,185.7,0,998.2,704.3,28,32.63
S453,255.5,170.3,0,185.7,0,1026.6,724.3,7,17.24
S454,272.8,181.9,0,185.7,0,1012.4,714.3,7,19.77
S455,239.6,359.4,0,185.7,0,941.6,664.3,28,39.44
S456,220.8,147.2,0,185.7,0,1055,744.3,28,25.75
S457,397,0,0,185.7,0,1040.6,734.3,28,33.08
S458,382.5,0,0,185.7,0,1047.8,739.3,7,24.07
S459,210.7,316.1,0,185.7,0,977,689.3,7,21.82
S460,158.8,238.2,0,185.7,0,1040.6,734.3,28,21.07
S461,203.5,135.7,0,185.7,0,1076.2,759.3,7,11.96
S462,397,0,0,185.7,0,1040.6,734.3,7,25.45
S463,228,342.1,0,185.7,0,955.8,674.3,28,39.7
S464,220.8,147.2,0,185.7,0,1055,744.3,7,13.09
S465,316.1,210.7,0,185.7,0,977,689.3,28,38.7
S466,135.7,203.5,0,185.7,0,1076.2,759.3,7,7.51
S467,238.1,0,0,185.7,0,1118.8,789.3,28,17.58
S468,339.2,0,0,185.7,0,1069.2,754.3,7,21.18
S469,135.7,203.5,0,185.7,0,1076.2,759.3,28,18.2
S470,203.5,135.7,0,185.7,0,1076.2,759.3,28,22.63
S471,290.2,193.5,0,185.7,0,998.2,704.3,7,21.86
S472,181.9,272.8,0,185.7,0,1012.4,714.3,7,12.37
S473,170.3,155.5,0,185.7,0,1026.6,724.3,28,25.73
S474,210.7,316.1,0,185.7,0,977,689.3,28,37.81
S475,228,342.1,0,185.7,0,955.8,674.3,7,21.92
S476,290.2,193.5,0,185.7,0,998.2,704.3,28,33.04
S477,381.4,0,0,185.7,0,1104.6,784.3,7,14.54
S478,238.2,158.8,0,185.7,0,1040.6,734.3,28,26.91
S479,238.1,0,0,185.7,0,1118.8,789.3,7,10.34
S480,252.5,0,0,185.7,0,1111.6,784.3,28,19.77
S481,382.5,0,0,185.7,0,1047.8,739.3,28,37.44
S482,252.5,0,0,185.7,0,1111.6,784.3,7,11.48
S483,186.2,124.1,0,185.7,0,1083.4,764.3,28,17.6
S484,170.3,155.5,0,185.7,0,1026.6,724.3,7,10.73
S485,272.8,181.9,0,185.7,0,1012.4,714.3,28,31.38
S486,339,0,0,197,0,968,781,3,13.22
S487,339,0,0,197,0,968,781,7,20.97
S488,339,0,0,197,0,968,781,14,27.04
S489,339,0,0,197,0,968,781,28,32.04
S490,339,0,0,197,0,968,781,90,35.17
S491,339,0,0,197,0,968,781,180,36.45
S492,236,0,0,194,0,968,885,3,6.47
S493,236,0,0,194,0,968,885,14,12.84
S494,236,0,0,194,0,968,885,90,21.95
S495,236,0,0,193,0,968,885,180,24.1
S496,277,0,0,191,0,968,856,14,21.26
S497,277,0,0,191,0,968,856,3,11.36
S498,277,0,0,191,0,968,856,90,31.25
S499,277,0,0,191,0,968,856,180,32.33
S500,277,0,0,191,0,968,856,360,33.7
S501,254,0,0,198,0,968,863,3,9.31
S502,254,0,0,198,0,968,863,90,26.94
S503,254,0,0,198,0,968,863,180,27.63
S504,254,0,0,198,0,968,863,365,29.79
S505,307,0,0,193,0,968,812,180,34.49
S506,307,0,0,193,0,968,812,365,36.15
S507,307,0,0,193,0,968,812,3,12.54
S508,307,0,0,193,0,968,812,28,27.53
S509,307,0,0,193,0,968,812,90,32.92
S510,236,0,0,193,0,968,885,7,9.99
S511,200,0,0,180,0,1125,845,7,7.84
S512,200,0,0,180,0,1125,845,28,12.25
S513,225,0,0,181,0,1113,833,7,11.17
S514,225,0,0,181,0,1113,833,28,17.34
S515,325,0,0,184,0,1063,783,28,30.57
S516,275,0,0,183,0,1088,808,7,14.2
S517,300,0,0,184,0,1075,795,7,15.58
S518,300,0,0,184,0,1075,795,28,26.85
S519,375,0,0,186,0,1038,758,28,38.21
S520,250,0,0,182,0,1100,820,28,20.87
S521,350,0,0,186,0,1050,770,28,34.29
S522,203.5,305.3,0,203.5,0,963.4,630,7,19.54
S523,157,236,0,192,0,935.4,781.2,90,43.38
S524,166.8,250.2,0,203.5,0,975.6,692.6,3,6.9
S525,122.6,183.9,0,203.5,0,958.2,800.1,90,33.19
S526,183.9,122.6,0,203.5,0,959.2,800,3,4.9
S527,102,153,0,192,0,887,942,3,4.57
S528,102,153,0,192,0,887,942,90,25.46
S529,122.6,183.9,0,203.5,0,958.2,800.1,28,24.29
S530,166.8,250.2,0,203.5,0,975.6,692.6,28,33.95
S531,200,133,0,192,0,965.4,806.2,3,11.41
S532,108.3,162.4,0,203.5,0,938.2,849,28,20.59
S533,305.3,203.5,0,203.5,0,965.4,631,7,25.89
S534,108.3,162.4,0,203.5,0,938.2,849,90,29.23
S535,116,173,0,192,0,909.8,891.9,90,31.02
S536,133,200,0,192,0,927.4,839.2,28,27.87
S537,250.2,166.8,0,203.5,0,977.6,694.1,7,19.35
S538,192,288,0,192,0,929.8,716.1,3,12.79
S539,153,102,0,192,0,888,943.1,3,4.78
S540,288,192,0,192,0,932,717.8,3,16.11
S541,305.3,203.5,0,203.5,0,965.4,631,28,43.38
S542,173,116,0,192,0,946.8,856.8,3,6.94
S543,212,141.3,0,203.5,0,973.4,750,7,15.03
S544,236,157,0,192,0,972.6,749.1,3,13.57
S545,183.9,122.6,0,203.5,0,959.2,800,90,32.53
S546,166.8,250.2,0,203.5,0,975.6,692.6,7,15.75
S547,102,153,0,192,0,887,942,7,7.68
S548,288,192,0,192,0,932,717.8,28,38.8
S549,212,141.3,0,203.5,0,973.4,750,28,33
S550,102,153,0,192,0,887,942,28,17.28
S551,173,116,0,192,0,946.8,856.8,28,24.28
S552,133,200,0,192,0,927.4,839.2,90,36.59
S553,305.3,203.5,0,203.5,0,965.4,631,3,14.14
S554,236,157,0,192,0,972.6,749.1,90,47.78
S555,108.3,162.4,0,203.5,0,938.2,849,3,2.33
S556,288,192,0,192,0,932,717.8,7,23.52
S557,212,141.3,0,203.5,0,973.4,750,3,6.81
S558,212,141.3,0,203.5,0,973.4,750,90,39.7
S559,153,102,0,192,0,888,943.1,28,17.96
S560,236,157,0,192,0,972.6,749.1,28,32.88
S561,116,173,0,192,0,909.8,891.9,28,22.35
S562,183.9,122.6,0,203.5,0,959.2,800,7,10.79
S563,108.3,162.4,0,203.5,0,938.2,849,7,7.72
S564,133,200,0,192,0,927.4,839.2,3,6.88
S565,200,133,0,192,0,965.4,806.2,28,30.44
S566,250.2,166.8,0,203.5,0,977.6,694.1,3,9.73
S567,153,102,0,192,0,888,943.1,90,26.32
S568,200,133,0,192,0,965.4,806.2,90,43.25
S569,116,173,0,192,0,909.8,891.9,3,6.28
S570,173,116,0,192,0,946.8,856.8,90,32.1
S571,305.3,203.5,0,203.5,0,965.4,631,90,54.6
S572,192,288,0,192,0,929.8,716.1,7,21.48
S573,157,236,0,192,0,935.4,781.2,3,9.69
S574,153,102,0,192,0,888,943.1,7,8.37
S575,141.3,212,0,203.5,0,971.8,748.5,90,39.66
S576,116,173,0,192,0,909.8,891.9,7,10.09
S577,141.3,212,0,203.5,0,971.8,748.5,3,4.83
S578,166.8,250.2,0,203.5,0,975.6,692.6,90,43.57
S579,203.5,305.3,0,203.5,0,963.4,630,90,51.86
S580,310,0,0,192,0,1012,830,7,17.24
S581,310,0,0,192,0,1012,830,28,27.83
S582,310,0,0,192,0,1012,830,120,38.7
S583,331,0,0,192,0,1025,821,3,14.31
S584,331,0,0,192,0,1025,821,7,17.44
S585,331,0,0,192,0,1025,821,90,37.91
S586,349,0,0,192,0,1056,809,3,15.87
S587,349,0,0,192,0,1056,809,7,9.01
S588,349,0,0,192,0,1056,809,28,33.61
S589,349,0,0,192,0,1056,809,90,40.66
S590,349,0,0,192,0,1056,809,120,40.86
S591,238,0,0,186,0,1119,789,7,12.05
S592,238,0,0,186,0,1119,789,28,17.54
S593,296,0,0,186,0,1090,769,28,25.18
S594,297,0,0,186,0,1040,734,7,30.96
S595,480,0,0,192,0,936,721,28,43.89
S596,480,0,0,192,0,936,721,90,54.28
S597,397,0,0,186,0,1040,734,28,36.94
S598,281,0,0,186,0,1104,774,7,14.5
S599,281,0,0,185,0,1104,774,28,22.44
S600,500,0,0,200,0,1125,613,1,12.64
S601,500,0,0,200,0,1125,613,7,33.21
S602,500,0,0,200,0,1125,613,14,36.94
S603,500,0,0,200,0,1125,613,28,44.09
S604,540,0,0,173,0,1125,613,7,52.61
S605,540,0,0,173,0,1125,613,28,67.31
S606,540,0,0,173,0,1125,613,90,69.66
S607,540,0,0,173,0,1125,613,180,71.62
S608,540,0,0,173,0,1125,613,270,74.17
S609,350,0,0,203,0,974,775,7,18.13
S610,350,0,0,203,0,974,775,14,22.53
S611,350,0,0,203,0,974,775,28,27.34
S612,350,0,0,203,0,974,775,56,29.98
S613,350,0,0,203,0,974,775,90,31.35
S614,350,0,0,203,0,974,775,180,32.72
S615,385,0,0,186,0,966,763,1,6.27
S616,385,0,0,186,0,966,763,3,14.7
S617,385,0,0,186,0,966,763,7,23.22
S618,385,0,0,186,0,966,763,14,27.92
S619,385,0,0,186,0,966,763,28,31.35
S620,331,0,0,192,0,978,825,180,39
S621,331,0,0,192,0,978,825,360,41.24
S622,331,0,0,192,0,978,825,3,13.52
S623,382,0,0,186,0,1047,739,28,37.42
S624,382,0,0,186,0,1111,784,7,11.47
S625,281,0,0,186,0,1104,774,28,22.44
S626,339,0,0,185,0,1069,754,7,21.16
S627,339,0,0,185,0,1069,754,28,31.84
S628,295,0,0,185,0,1069,769,7,14.8
S629,295,0,0,185,0,1069,769,28,25.18
S630,238,0,0,185,0,1118,789,28,17.54
S631,296,0,0,192,0,1085,765,28,21.65
S632,296,0,0,192,0,1085,765,90,29.39
S633,331,0,0,192,0,879,825,3,13.52
S634,331,0,0,192,0,978,825,7,16.26
S635,331,0,0,192,0,978,825,28,31.45
S636,349,0,0,192,0,1047,806,7,18.13
S637,349,0,0,192,0,1047,806,90,39.49
S638,349,0,0,192,0,1047,806,180,41.05
S639,349,0,0,192,0,1047,806,360,42.13
S640,302,0,0,203,0,974,817,14,18.13
S641,302,0,0,203,0,974,817,180,26.74
S642,525,0,0,189,0,1125,613,180,61.92
S643,500,0,0,200,0,1125,613,90,47.22
S644,500,0,0,200,0,1125,613,180,51.04
S645,540,0,0,173,0,1125,613,3,41.64
S646,252,0,0,185,0,1111,784,28,19.69
S647,339,0,0,185,0,1060,754,28,31.65
S648,393,0,0,192,0,940,758,3,19.11
S649,393,0,0,192,0,940,758,28,39.58
S650,393,0,0,192,0,940,758,90,48.79
S651,382,0,0,185,0,1047,739,7,24
S652,382,0,0,185,0,1047,739,28,37.42
S653,310,0,0,192,0,970,850,7,14.99
S654,310,0,0,192,0,970,850,28,27.92
S655,310,0,0,192,0,970,850,180,37.33
S656,310,0,0,192,0,970,850,360,38.11
S657,525,0,0,189,0,1125,613,7,42.42
S658,525,0,0,189,0,1125,613,14,48.4
S659,525,0,0,189,0,1125,613,28,55.94
S660,525,0,0,189,0,1125,613,270,67.11
S661,322,0,0,203,0,974,800,14,20.77
S662,322,0,0,203,0,974,800,28,25.18
S663,302,0,0,203,0,974,817,28,21.75
S664,397,0,0,185,0,1040,734,28,39.09
S665,480,0,0,192,0,936,721,3,24.39
S666,522,0,0,146,0,896,896,7,50.51
S667,273,105,82,210,9,904,680,28,37.17
S668,162,190,148,179,19,838,741,28,33.76
S669,154,144,112,220,10,923,658,28,16.5
S670,147,115,89,202,9,860,829,28,19.99
S671,152,178,139,168,18,944,695,28,36.35
S672,310,143,111,168,22,914,651,28,33.69
S673,144,0,175,158,18,943,844,28,15.42
S674,304,140,0,214,6,895,722,28,33.42
S675,374,0,0,190,7,1013,730,28,39.05
S676,153,239,0,200,6,1002,684,28,26.86
S677,310,143,0,168,10,914,804,28,45.3
S678,305,0,100,196,10,959,705,28,30.12
S679,298,137,107,201,6,878,655,28,53.52
S680,321,164,0,190,5,870,774,28,57.21
S681,280,129,100,172,9,825,805,28,52.82
S682,252,97,76,194,8,835,821,28,33.4
S683,165,0,150,182,12,1023,729,28,18.03
S684,156,243,0,180,11,1022,698,28,37.36
S685,160,188,146,203,11,829,710,28,32.84
S686,298,0,107,186,6,879,815,28,42.64
S687,318,0,126,210,6,861,737,28,40.06
S688,287,121,94,188,9,904,696,28,41.94
S689,326,166,0,174,9,882,790,28,61.23
S690,322,149,0,186,8,951,709,28,52.42
S691,164,0,200,181,13,849,846,28,15.09
S692,314,0,113,170,10,925,783,28,38.46
S693,321,0,128,182,11,870,780,28,37.26
S694,140,164,128,237,6,869,656,28,35.23
S695,288,121,0,177,7,908,829,28,42.13
S696,298,0,107,210,11,880,744,28,31.87
S697,160,250,0,168,12,1049,688,28,39.45
S698,166,260,0,183,13,859,827,28,37.91
S699,276,116,90,180,9,870,768,28,44.28
S700,322,0,116,196,10,818,813,28,31.18
S701,149,139,109,193,6,892,780,28,23.69
S702,159,187,0,176,11,990,789,28,32.76
S703,261,100,78,201,9,864,761,28,32.4
S704,237,92,71,247,6,853,695,28,28.63
S705,313,0,113,178,8,1002,689,28,36.8
S706,155,183,0,193,9,1047,697,28,18.28
S707,146,230,0,202,3,827,872,28,33.06
S708,133,210,0,196,3,949,795,28,31.03
S709,152,0,112,184,8,992,816,28,12.18
S710,153,145,113,178,8,1002,689,28,25.56
S711,140,133,103,200,7,916,753,28,36.44
S712,149,236,0,176,13,847,893,28,32.96
S713,300,0,120,212,10,878,728,28,23.84
S714,153,145,113,178,8,867,824,28,26.23
S715,148,0,137,158,16,1002,830,28,17.95
S716,326,0,138,199,11,801,792,28,40.68
S717,153,145,0,178,8,1000,822,28,19.01
S718,262,111,86,195,5,895,733,28,33.72
S719,158,0,195,220,11,898,713,28,8.54
S720,151,0,185,167,16,1074,678,28,13.46
S721,273,0,90,199,11,931,762,28,32.24
S722,149,118,92,183,7,953,780,28,23.52
S723,260,101,78,171,10,936,763,28,49.77
S724,313,161,0,178,10,917,759,28,52.44
S725,284,120,0,168,7,970,794,28,40.93
S726,336,0,0,182,3,986,817,28,44.86
S727,145,0,134,181,11,979,812,28,13.2
S728,150,237,0,174,12,1069,675,28,37.43
S729,144,170,133,192,8,814,805,28,29.87
S730,155,0,143,193,9,1047,697,28,12.46
S731,155,183,0,193,9,877,868,28,23.79
S732,135,0,166,180,10,961,805,28,13.29
S733,266,112,87,178,10,910,745,28,39.42
S734,314,145,113,179,8,869,690,28,46.23
S735,146,173,0,182,3,986,817,28,23.74
S736,144,136,106,178,7,941,774,28,26.14
S737,148,0,182,181,15,839,884,28,15.52
S738,277,117,91,191,7,946,666,28,43.57
S739,313,145,0,178,8,1002,689,28,41.05
S740,155,184,143,194,9,880,699,28,28.99
S741,289,134,0,195,6,924,760,28,46.24
S742,148,175,0,171,2,1000,828,28,26.92
S743,313,0,0,178,8,1000,822,28,25.1
S744,155,0,143,193,9,877,868,28,9.74
S745,162,207,172,216,10,822,638,28,39.84
S746,162,214,164,202,10,820,680,28,30.65
S747,157,214,152,200,9,819,704,28,33.05
S748,149,153,194,192,8,935,623,28,24.58
S749,135,105,193,196,6,965,643,28,21.91
S750,159,209,161,201,7,848,669,28,30.88
S751,144,15,195,176,6,1021,709,28,15.34
S752,154,174,185,228,7,845,612,28,24.34
S753,167,187,195,185,7,898,636,28,23.89
S754,184,86,190,213,6,923,623,28,22.93
S755,156,178,187,221,7,854,614,28,29.41
S756,236.9,91.7,71.5,246.9,6,852.9,695.4,28,28.63
S757,313.3,0,113,178.5,8,1001.9,688.7,28,36.8
S758,296,0,106.7,221.4,10.5,819.2,778.4,28,31.42
S759,133.1,210.2,0,195.7,3.1,949.4,795.3,28,28.94
S760,313.3,145,0,178.5,8,867.2,824,28,40.93
S761,151.6,0,111.9,184.4,7.9,992,815.9,28,12.18
S762,139.9,132.6,103.3,200.3,7.4,916,753.4,28,36.44
S763,149.5,236,0,175.8,12.6,846.8,892.7,28,32.96
S764,299.8,0,119.8,211.5,9.9,878.2,727.6,28,23.84
S765,153.1,145,113,178.5,8,867.2,824,28,26.23
S766,148.1,0,136.6,158.1,16.1,1001.8,830.1,28,17.96
S767,326.5,0,137.9,199,10.8,801.1,792.5,28,38.63
S768,152.7,144.7,0,178.1,8,999.7,822.2,28,19.01
S769,272.6,0,89.6,198.7,10.6,931.3,762.2,28,32.25
S770,143,169.4,142.7,190.7,8.4,967.4,643.5,28,29.73
S771,312.9,160.5,0,177.6,9.6,916.6,759.5,28,52.45
S772,284,119.7,0,168.3,7.2,970.4,794.2,28,40.93
S773,336.5,0,0,181.9,3.4,985.8,816.8,28,44.87
S774,144.8,0,133.6,180.8,11.1,979.5,811.5,28,13.2
S775,150,236.8,0,173.8,11.9,1069.3,674.8,28,37.43
S776,143.7,170.2,132.6,191.6,8.5,814.1,805.3,28,29.87
S777,330.5,169.6,0,194.9,8.1,811,802.3,28,56.62
S778,154.8,0,142.8,193.3,9.1,1047.4,696.7,28,12.46
S779,154.8,183.4,0,193.3,9.1,877.2,867.7,28,23.79
S780,134.7,0,165.7,180.2,10,961,804.9,28,13.29
S781,266.2,112.3,87.5,177.9,10.4,909.7,744.5,28,39.42
S782,314,145.3,113.2,178.9,8,869.1,690.2,28,46.23
S783,312.7,144.7,0,127.3,8,999.7,822.2,28,44.52
S784,143.8,136.3,106.2,178.1,7.5,941.5,774.3,28,26.15
S785,148.1,0,182.1,181.4,15,838.9,884.3,28,15.53
S786,277,116.8,91,190.6,7,946.5,665.6,28,43.58
S787,298.1,0,107.5,163.6,12.8,953.2,784,28,35.87
S788,155.2,183.9,143.2,193.8,9.2,879.6,698.5,28,28.99
S789,289,133.7,0,194.9,5.5,924.1,760.1,28,46.25
S790,147.8,175.1,0,171.2,2.2,1000,828.5,28,26.92
S791,145.4,0,178.9,201.7,7.8,824,868.7,28,10.54
S792,312.7,0,0,178.1,8,999.7,822.2,28,25.1
S793,255.3,98.8,77,188.6,6.5,919,749.3,28,33.8
S794,162,190.1,148.1,178.8,18.8,838.1,741.4,28,33.76
S795,146.5,114.6,89.3,201.9,8.8,860,829.5,28,19.99
S796,151.8,178.1,138.7,167.5,18.3,944,694.6,28,36.35
S797,309.9,142.8,111.2,167.8,22.1,913.9,651.2,28,38.22
S798,143.6,0,174.9,158.4,17.9,942.7,844.5,28,15.42
S799,303.6,139.9,0,213.5,6.2,895.5,722.5,28,33.42
S800,374.3,0,0,190.2,6.7,1013.2,730.4,28,39.06
S801,158.6,148.9,116,175.1,15,953.3,719.7,28,27.68
S802,304.8,0,99.6,196,9.8,959.4,705.2,28,30.12
S803,150.9,0,183.9,166.6,11.6,991.2,772.2,28,15.57
S804,141.9,166.6,129.7,173.5,10.9,882.6,785.3,28,44.61
S805,297.8,137.2,106.9,201.3,6,878.4,655.3,28,53.52
S806,366,187,0,191.3,6.6,824.3,756.9,28,65.91
S807,279.8,128.9,100.4,172.4,9.5,825.1,804.9,28,52.83
S808,252.1,97.1,75.6,193.8,8.3,835.5,821.4,28,33.4
S809,164.6,0,150.4,181.6,11.7,1023.3,728.9,28,18.03
S810,155.6,243.5,0,180.3,10.7,1022,697.7,28,37.36
S811,298.1,0,107,186.4,6.1,879,815.2,28,42.64
S812,317.9,0,126.5,209.7,5.7,860.5,736.6,28,40.06
S813,287.3,120.5,93.9,187.6,9.2,904.4,695.9,28,43.8
S814,325.6,166.4,0,174,8.9,881.6,790,28,61.24
S815,132,206.5,160.9,178.9,5.5,866.9,735.6,28,33.31
S816,322.5,148.6,0,185.8,8.5,951,709.5,28,52.43
S817,164.2,0,200.1,181.2,12.6,849.3,846,28,15.09
S818,321.4,0,127.9,182.5,11.5,870.1,779.7,28,37.27
S819,139.7,163.9,127.7,236.7,5.8,868.6,655.6,28,35.23
S820,264.5,111,86.5,195.5,5.9,832.6,790.4,28,41.54
S821,159.8,250,0,168.4,12.2,1049.3,688.2,28,39.46
S822,166,259.7,0,183.2,12.7,858.8,826.8,28,37.92
S823,276.4,116,90.3,179.6,8.9,870.1,768.3,28,44.28
S824,148.5,139.4,108.6,192.7,6.1,892.4,780,28,23.7
S825,260.9,100.5,78.3,200.6,8.6,864.5,761.5,28,32.4
